{
    "key": "group_6119387a4a55e",
    "title": "Block - Theme Buttons",
    "fields": [
        {
            "key": "field_611938872b519",
            "label": "<h2 style=\"text-align: center;\"> Theme Buttons <\/h2>",
            "name": "",
            "type": "message",
            "instructions": "",
            "required": 0,
            "conditional_logic": 0,
            "wrapper": {
                "width": "",
                "class": "",
                "id": ""
            },
            "message": "",
            "new_lines": "wpautop",
            "esc_html": 0
        },
        {
            "key": "field_612f56d43a623",
            "label": "Expand for options",
            "name": "",
            "type": "accordion",
            "instructions": "",
            "required": 0,
            "conditional_logic": 0,
            "wrapper": {
                "width": "",
                "class": "",
                "id": ""
            },
            "open": 0,
            "multi_expand": 0,
            "endpoint": 0
        },
        {
            "key": "field_6178f0675c647",
            "label": "Select Variation",
            "name": "dtearsd_blk_btn_variation",
            "type": "button_group",
            "instructions": "",
            "required": 0,
            "conditional_logic": 0,
            "wrapper": {
                "width": "",
                "class": "",
                "id": ""
            },
            "choices": {
                "single": "Single",
                "multiple": "Multiple"
            },
            "allow_null": 0,
            "default_value": "single",
            "layout": "horizontal",
            "return_format": "value"
        },
        {
            "key": "field_611938c557c59",
            "label": "Buttons",
            "name": "dtearsd_blk_buttons",
            "type": "repeater",
            "instructions": "",
            "required": 0,
            "conditional_logic": [
                [
                    {
                        "field": "field_6178f0675c647",
                        "operator": "==",
                        "value": "multiple"
                    }
                ]
            ],
            "wrapper": {
                "width": "",
                "class": "",
                "id": ""
            },
            "collapsed": "",
            "min": 0,
            "max": 0,
            "layout": "block",
            "button_label": "Add Button",
            "sub_fields": [
                {
                    "key": "field_611938e257c5a",
                    "label": "Button",
                    "name": "button",
                    "type": "link",
                    "instructions": "",
                    "required": 0,
                    "conditional_logic": 0,
                    "wrapper": {
                        "width": "65",
                        "class": "",
                        "id": ""
                    },
                    "return_format": "array"
                },
                {
                    "key": "field_611939ceee767",
                    "label": "Style",
                    "name": "style",
                    "type": "radio",
                    "instructions": "",
                    "required": 0,
                    "conditional_logic": 0,
                    "wrapper": {
                        "width": "35",
                        "class": "",
                        "id": ""
                    },
                    "choices": {
                        "default": "Default",
                        "boxed": "Boxed"
                    },
                    "allow_null": 0,
                    "other_choice": 0,
                    "default_value": "default",
                    "layout": "horizontal",
                    "return_format": "value",
                    "save_other_choice": 0
                }
            ]
        },
        {
            "key": "field_6178f214fa99f",
            "label": "Button",
            "name": "dtearsd_blk_button",
            "type": "link",
            "instructions": "",
            "required": 0,
            "conditional_logic": [
                [
                    {
                        "field": "field_6178f0675c647",
                        "operator": "==",
                        "value": "Single"
                    }
                ]
            ],
            "wrapper": {
                "width": "65",
                "class": "",
                "id": ""
            },
            "return_format": "array"
        },
        {
            "key": "field_6178f22cfa9a0",
            "label": "Style",
            "name": "dtearsd_blk_btn_style",
            "type": "radio",
            "instructions": "",
            "required": 0,
            "conditional_logic": [
                [
                    {
                        "field": "field_6178f0675c647",
                        "operator": "==",
                        "value": "Single"
                    }
                ]
            ],
            "wrapper": {
                "width": "35",
                "class": "",
                "id": ""
            },
            "choices": {
                "default": "Default",
                "boxed": "Boxed"
            },
            "allow_null": 0,
            "other_choice": 0,
            "default_value": "default",
            "layout": "horizontal",
            "return_format": "value",
            "save_other_choice": 0
        }
    ],
    "location": [
        [
            {
                "param": "block",
                "operator": "==",
                "value": "acf\/button"
            }
        ]
    ],
    "menu_order": 0,
    "position": "normal",
    "style": "default",
    "label_placement": "top",
    "instruction_placement": "label",
    "hide_on_screen": "",
    "active": true,
    "description": "",
    "modified": 1635319215
}