{
    "key": "group_66c0ecdc5c098",
    "title": "Chose  Color",
    "fields": [
        {
            "key": "field_66c0ecdd1cf2a",
            "label": "Color",
            "name": "color",
            "aria-label": "",
            "type": "select",
            "instructions": "",
            "required": 0,
            "conditional_logic": 0,
            "wrapper": {
                "width": "",
                "class": "",
                "id": ""
            },
            "choices": {
                "blue": "Blue",
                "red": "Red",
                "green": "Green"
            },
            "default_value": [
                "blue",
                "green"
            ],
            "return_format": "array",
            "multiple": 1,
            "allow_null": 0,
            "ui": 0,
            "ajax": 0,
            "placeholder": ""
        }
    ],
    "location": [
        [
            {
                "param": "page",
                "operator": "==",
                "value": "164"
            }
        ]
    ],
    "menu_order": 0,
    "position": "normal",
    "style": "default",
    "label_placement": "top",
    "instruction_placement": "label",
    "hide_on_screen": "",
    "active": true,
    "description": "",
    "show_in_rest": 0,
    "modified": 1723921112
}
