{
    "key": "group_66c10c96d1a51",
    "title": "radio",
    "fields": [
        {
            "key": "field_66c10c974cc70",
            "label": "Radio",
            "name": "radio",
            "aria-label": "",
            "type": "radio",
            "instructions": "",
            "required": 0,
            "conditional_logic": 0,
            "wrapper": {
                "width": "",
                "class": "",
                "id": ""
            },
            "choices": {
                "no": "No",
                "yes": "Yes",
                "possible": "Possible"
            },
            "default_value": "",
            "return_format": "array",
            "allow_null": 0,
            "other_choice": 0,
            "layout": "vertical",
            "save_other_choice": 0
        },
        {
            "key": "field_66c1c9974b890",
            "label": "Button",
            "name": "button",
            "aria-label": "",
            "type": "button_group",
            "instructions": "",
            "required": 0,
            "conditional_logic": 0,
            "wrapper": {
                "width": "",
                "class": "",
                "id": ""
            },
            "choices": {
                "danger": "Danger",
                "dash": "Dash",
                "choice": "Choice"
            },
            "default_value": "",
            "return_format": "array",
            "allow_null": 0,
            "layout": "horizontal"
        }
    ],
    "location": [
        [
            {
                "param": "page",
                "operator": "==",
                "value": "164"
            }
        ]
    ],
    "menu_order": 0,
    "position": "normal",
    "style": "default",
    "label_placement": "top",
    "instruction_placement": "label",
    "hide_on_screen": "",
    "active": true,
    "description": "",
    "show_in_rest": 0,
    "modified": 1723976820
}
