{
    "key": "group_627946c545bce",
    "title": "Block - Image Alongside Text",
    "fields": [
        {
            "key": "field_627946d1c50e7",
            "label": "<h2 style=\"text-align:center;\"> Image Alongside Text <\/h2>",
            "name": "",
            "aria-label": "",
            "type": "message",
            "instructions": "",
            "required": 0,
            "conditional_logic": 0,
            "wrapper": {
                "width": "",
                "class": "",
                "id": ""
            },
            "message": "",
            "new_lines": "wpautop",
            "esc_html": 0
        },
        {
            "key": "field_627946dfc50e8",
            "label": "Title",
            "name": "dtearsd_iat_title",
            "aria-label": "",
            "type": "text",
            "instructions": "",
            "required": 0,
            "conditional_logic": 0,
            "wrapper": {
                "width": "",
                "class": "",
                "id": ""
            },
            "default_value": "",
            "maxlength": "",
            "placeholder": "",
            "prepend": "",
            "append": ""
        },
        {
            "key": "field_62794720c50e9",
            "label": "Expand for options",
            "name": "",
            "aria-label": "",
            "type": "accordion",
            "instructions": "",
            "required": 0,
            "conditional_logic": 0,
            "wrapper": {
                "width": "",
                "class": "",
                "id": ""
            },
            "open": 0,
            "multi_expand": 0,
            "endpoint": 0
        },
        {
            "key": "field_62794734c50ea",
            "label": "Text",
            "name": "dtearsd_iat_text",
            "aria-label": "",
            "type": "wysiwyg",
            "instructions": "",
            "required": 0,
            "conditional_logic": 0,
            "wrapper": {
                "width": "",
                "class": "",
                "id": ""
            },
            "default_value": "",
            "wysiwyg_height": "",
            "tabs": "all",
            "toolbar": "full",
            "media_upload": 0,
            "delay": 0
        },
        {
            "key": "field_6279476dc50eb",
            "label": "Button",
            "name": "dtearsd_iat_button",
            "aria-label": "",
            "type": "link",
            "instructions": "",
            "required": 0,
            "conditional_logic": 0,
            "wrapper": {
                "width": "",
                "class": "",
                "id": ""
            },
            "return_format": "array"
        },
        {
            "key": "field_62794d860c37a",
            "label": "Image Upload Instructions",
            "name": "",
            "aria-label": "",
            "type": "message",
            "instructions": "",
            "required": 0,
            "conditional_logic": 0,
            "wrapper": {
                "width": "",
                "class": "",
                "id": ""
            },
            "message": "<div class=\"upload-instructions\">\r\n\r\n<b>Recommended Size:<\/b> Minimum 580px by 620px (Regular Display) - Maximum 870px by 930px (Retina Display) - (width x height)<br \/>\r\n\r\n<b>Image Height:<\/b> Height of the image can vary slightly due to aspect ratio, but width of image must meet the recommended size.<br \/>\r\n\r\n<b>Resources:<\/b> Make sure to upload a compressed image in <i>.WEBP<\/i> image format. - <a href=\"https:\/\/image.online-convert.com\/convert-to-webp\" target=\"_blank\">Convert Images to WEBP<\/a> - <a href=\"https:\/\/tinypng.com\/\" target=\"_blank\">Compress WEBP Images<\/a>\r\n\r\n<\/div>",
            "new_lines": "wpautop",
            "esc_html": 0
        },
        {
            "key": "field_62794da70c37b",
            "label": "Image Location",
            "name": "dtearsd_iat_img_location",
            "aria-label": "",
            "type": "button_group",
            "instructions": "",
            "required": 0,
            "conditional_logic": 0,
            "wrapper": {
                "width": "",
                "class": "",
                "id": ""
            },
            "choices": {
                "left": "Left",
                "right": "Right"
            },
            "default_value": "right",
            "return_format": "value",
            "allow_null": 0,
            "layout": "horizontal"
        },
        {
            "key": "field_62794780c50ec",
            "label": "Image",
            "name": "dtearsd_iat_image",
            "aria-label": "",
            "type": "image",
            "instructions": "",
            "required": 0,
            "conditional_logic": 0,
            "wrapper": {
                "width": "",
                "class": "",
                "id": ""
            },
            "return_format": "id",
            "library": "all",
            "min_width": "",
            "min_height": "",
            "min_size": "",
            "max_width": "",
            "max_height": "",
            "max_size": "",
            "mime_types": "",
            "preview_size": "admin-portrait"
        }
    ],
    "location": [
        [
            {
                "param": "block",
                "operator": "==",
                "value": "acf\/image-alongside-text"
            }
        ]
    ],
    "menu_order": 0,
    "position": "normal",
    "style": "default",
    "label_placement": "top",
    "instruction_placement": "label",
    "hide_on_screen": "",
    "active": true,
    "description": "",
    "show_in_rest": 0,
    "modified": 1726435569
}
